fecha,producto_id,demanda,categoria_abc,variabilidad,prediccion_media_movil,prediccion_regresion_lineal,prediccion_xgboost,metodo_usado,prediccion_final,error_final
2023-10-01,1001,51.0,A,Media,27.666666666666668,27.430714427718403,16.160526,Media móvil,27.666666666666668,-23.333333333333332
2023-11-01,1001,44.0,A,Media,44.666666666666664,19.394641938718866,0.62623894,Media móvil,44.666666666666664,0.6666666666666643
2023-12-01,1001,45.0,A,Media,44.666666666666664,20.491031124735247,1.2538474,Media móvil,44.666666666666664,-0.3333333333333357
2023-10-01,1002,69.0,A,Alta,12.333333333333334,25.146217031230822,8.194638,Regresión Lineal,25.146217031230822,-43.85378296876918
2023-11-01,1002,24.0,A,Alta,28.333333333333332,16.27505784190162,8.184254,Regresión Lineal,16.27505784190162,-7.724942158098379
2023-12-01,1002,0.0,A,Alta,31.0,17.423840137694032,7.975936,Regresión Lineal,17.423840137694032,17.423840137694032
2023-10-01,1003,0.0,A,Alta,19.0,18.155537655529645,9.567957,XGBoost,9.567956924438477,9.567956924438477
2023-11-01,1003,11.0,A,Alta,12.333333333333334,19.784044313878585,23.02593,XGBoost,23.025930404663086,12.025930404663086
2023-12-01,1003,47.0,A,Alta,16.0,20.028309503784865,20.396772,XGBoost,20.396772384643555,-26.603227615356445
2023-10-01,1004,0.0,A,Alta,26.0,8.96792491951748,2.567239,XGBoost,2.5672390460968018,2.5672390460968018
2023-11-01,1004,1.0,A,Alta,9.0,11.245089307610787,1.1796603,XGBoost,1.1796603202819824,0.17966032028198242
2023-12-01,1004,11.0,A,Alta,9.333333333333334,10.952720412780245,5.7902637,XGBoost,5.790263652801514,-5.209736347198486
2023-10-01,1005,0.0,A,Alta,12.0,20.156508613529965,4.90103,XGBoost,4.90103006362915,4.90103006362915
2023-11-01,1005,71.0,A,Alta,12.0,21.48109709476504,30.759932,XGBoost,30.759931564331055,-40.240068435668945
2023-12-01,1005,28.0,A,Alta,28.666666666666668,9.53173895659764,1.9127166,XGBoost,1.9127166271209717,-26.08728337287903
2023-10-01,1006,0.0,A,Alta,36.0,7.220277097380809,0.8745594,XGBoost,0.8745594024658203,0.8745594024658203
2023-11-01,1006,22.0,A,Alta,36.0,6.587811296623105,23.28723,XGBoost,23.287229537963867,1.2872295379638672
2023-12-01,1006,0.0,A,Alta,43.333333333333336,1.196042023325825,2.7428362,XGBoost,2.7428362369537354,2.7428362369537354
2023-10-01,1007,0.0,C,Alta,5.333333333333333,14.904264653158506,2.5080783,XGBoost,2.5080783367156982,2.5080783367156982
2023-11-01,1007,0.0,C,Alta,5.333333333333333,13.83689790084685,1.9718664,XGBoost,1.9718663692474365,1.9718663692474365
2023-12-01,1007,0.0,C,Alta,0.0,12.436545633764439,5.0046625,XGBoost,5.00466251373291,5.00466251373291
2023-10-01,1008,24.0,A,Media,24.0,31.46708256221736,17.403944,XGBoost,17.40394401550293,-6.59605598449707
2023-11-01,1008,0.0,A,Media,32.0,29.977027203828538,7.518179,XGBoost,7.518178939819336,7.518178939819336
2023-12-01,1008,99.0,A,Media,18.666666666666668,33.275889566437144,44.735912,XGBoost,44.73591232299805,-54.26408767700195
2023-10-01,1009,0.0,A,Alta,11.0,15.325649491120632,2.2044816,XGBoost,2.204481601715088,2.204481601715088
2023-11-01,1009,14.0,A,Alta,11.0,21.43414843944916,10.169704,XGBoost,10.16970443725586,-3.8302955627441406
2023-12-01,1009,0.0,A,Alta,4.666666666666667,22.170532640989073,5.586449,XGBoost,5.586449146270752,5.586449146270752
2023-10-01,1010,20.0,B,Alta,0.0,24.5055603431912,6.940619,Regresión Lineal,24.5055603431912,4.505560343191199
2023-11-01,1010,0.0,B,Alta,6.666666666666667,19.65506780133407,2.660675,Regresión Lineal,19.65506780133407,19.65506780133407
2023-12-01,1010,30.0,B,Alta,6.666666666666667,16.909831915290553,4.683117,Regresión Lineal,16.909831915290553,-13.090168084709447
2023-10-01,1011,0.0,C,Alta,0.0,7.297916738011757,7.6592245,Media móvil,0.0,0.0
2023-11-01,1011,0.0,C,Alta,0.0,5.288264590666541,6.5554776,Media móvil,0.0,0.0
2023-12-01,1011,13.0,C,Alta,0.0,2.5430287046230244,10.445145,Media móvil,0.0,-13.0
2023-10-01,1012,34.0,A,Media,6.333333333333333,24.287293103465604,8.545446,Regresión Lineal,24.287293103465604,-9.712706896534396
2023-11-01,1012,21.0,A,Media,17.666666666666668,17.607675967686582,4.3423257,Regresión Lineal,17.607675967686582,-3.392324032313418
2023-12-01,1012,13.0,A,Media,24.666666666666668,13.67714826716188,23.035755,Regresión Lineal,13.67714826716188,0.6771482671618791
2023-10-01,1013,66.0,A,Alta,14.0,28.10185170898951,12.102025,XGBoost,12.102025032043457,-53.89797496795654
2023-11-01,1013,0.0,A,Alta,36.0,18.80495082721393,2.2185054,XGBoost,2.218505382537842,2.218505382537842
2023-12-01,1013,0.0,A,Alta,27.333333333333332,18.245150821982207,6.6199393,XGBoost,6.61993932723999,6.61993932723999
2023-10-01,1014,0.0,A,Alta,27.0,16.778908930535497,5.134117,XGBoost,5.134117126464844,5.134117126464844
2023-11-01,1014,26.0,A,Alta,24.666666666666668,18.11201605966078,15.388855,XGBoost,15.38885498046875,-10.61114501953125
2023-12-01,1014,53.0,A,Alta,24.666666666666668,13.482209383550146,14.908906,XGBoost,14.908905982971191,-38.09109401702881
2023-10-01,1015,23.0,A,Alta,49.0,4.480321031464651,0.71086633,Regresión Lineal,4.480321031464651,-18.51967896853535
2023-11-01,1015,1.0,A,Alta,53.666666666666664,0.0,0.11826235,Regresión Lineal,0.0,-1.0
2023-12-01,1015,0.0,A,Alta,37.0,3.186322092292354,0.06572444,Regresión Lineal,3.186322092292354,3.186322092292354
2023-10-01,1016,11.0,A,Alta,7.666666666666667,24.698418710147152,1.3498249,Regresión Lineal,24.698418710147152,13.698418710147152
2023-11-01,1016,50.0,A,Alta,11.333333333333334,21.401741615137883,4.4492474,Regresión Lineal,21.401741615137883,-28.598258384862117
2023-12-01,1016,0.0,A,Alta,20.333333333333332,12.76284002581458,2.106047,Regresión Lineal,12.76284002581458,12.76284002581458
2023-10-01,1017,1.0,A,Media,28.333333333333332,23.396871599919923,10.266054,XGBoost,10.266054153442383,9.266054153442383
2023-11-01,1017,0.0,A,Media,14.666666666666666,24.761000234236878,1.4616086,XGBoost,1.461608648300171,1.461608648300171
2023-12-01,1017,33.0,A,Media,0.3333333333333333,28.16706129154937,7.1460705,XGBoost,7.14607048034668,-25.85392951965332
2023-10-01,1018,0.0,C,Alta,11.666666666666666,9.34145838978285,2.1269379,XGBoost,2.1269378662109375,2.1269378662109375
2023-11-01,1018,0.0,C,Alta,11.666666666666666,8.564025605173828,5.319548,XGBoost,5.3195481300354,5.3195481300354
2023-12-01,1018,0.0,C,Alta,8.333333333333334,6.659341980981001,5.3477454,XGBoost,5.347745418548584,5.347745418548584
2023-10-01,1019,79.0,A,Media,44.0,21.047538009129486,2.655706,Media móvil,44.0,-35.0
2023-11-01,1019,33.0,A,Media,61.666666666666664,8.856763011848585,0.24207453,Media móvil,61.666666666666664,28.666666666666664
2023-12-01,1019,36.0,A,Media,66.66666666666667,5.430566668434299,1.579165,Media móvil,66.66666666666667,30.66666666666667
2023-10-01,1020,0.0,B,Alta,25.0,12.506035829005924,0.0,XGBoost,0.0,0.0
2023-11-01,1020,0.0,B,Alta,25.0,12.888338915207434,0.97305834,XGBoost,0.9730583429336548,0.9730583429336548
2023-12-01,1020,45.0,B,Alta,25.0,10.143103029163917,1.8475697,XGBoost,1.8475697040557861,-43.152430295944214
2023-10-01,1021,0.0,A,Alta,20.666666666666668,16.960454705587292,8.003319,XGBoost,8.003318786621094,8.003318786621094
2023-11-01,1021,46.0,A,Alta,6.333333333333333,18.565177284200043,6.479046,XGBoost,6.479045867919922,-39.52095413208008
2023-12-01,1021,0.0,A,Alta,15.333333333333334,10.216209662579375,5.7600865,XGBoost,5.760086536407471,5.760086536407471
2023-10-01,1022,0.0,C,Alta,7.0,12.957684331965996,3.7136521,XGBoost,3.7136521339416504,3.7136521339416504
2023-11-01,1022,29.0,C,Alta,7.0,10.948032184620779,38.570602,XGBoost,38.57060241699219,9.570602416992188
2023-12-01,1022,10.0,C,Alta,9.666666666666666,5.428333223252613,6.0466413,XGBoost,6.0466413497924805,-3.9533586502075195
2023-10-01,1023,42.0,A,Alta,43.0,19.646793245903094,34.730198,XGBoost,34.73019790649414,-7.269802093505859
2023-11-01,1023,0.0,A,Alta,55.0,11.929263754646033,4.6250057,XGBoost,4.625005722045898,4.625005722045898
2023-12-01,1023,47.0,A,Alta,27.333333333333332,16.160611641963246,10.038134,XGBoost,10.03813362121582,-36.96186637878418
2023-10-01,1024,0.0,A,Media,24.0,32.45686549929637,23.264923,XGBoost,23.264923095703125,23.264923095703125
2023-11-01,1024,43.0,A,Media,24.0,36.02844223022686,26.265596,XGBoost,26.265596389770508,-16.734403610229492
2023-12-01,1024,22.0,A,Media,14.333333333333334,32.60401775074702,24.100702,XGBoost,24.1007022857666,2.1007022857666016
2023-10-01,1025,44.0,A,Alta,34.333333333333336,19.613579831126426,10.651149,Media móvil,34.333333333333336,-9.666666666666664
2023-11-01,1025,0.0,A,Alta,23.333333333333332,17.188476503159517,12.410959,Media móvil,23.333333333333332,23.333333333333332
2023-12-01,1025,39.0,A,Alta,23.333333333333332,14.443240617116,21.76883,Media móvil,23.333333333333332,-15.666666666666668
2023-10-01,1026,45.0,B,Alta,8.333333333333334,21.775137709000386,10.115126,Regresión Lineal,21.775137709000386,-23.224862290999614
2023-11-01,1026,36.0,B,Alta,23.333333333333332,13.011177214375067,0.6928258,Regresión Lineal,13.011177214375067,-22.988822785624933
2023-12-01,1026,0.0,B,Alta,27.0,8.181597969485258,1.270417,Regresión Lineal,8.181597969485258,8.181597969485258
2023-10-01,1027,0.0,A,Alta,28.0,17.58900968098495,3.398703,XGBoost,3.398703098297119,3.398703098297119
2023-11-01,1027,0.0,A,Alta,15.666666666666666,19.1967853459669,6.2850566,XGBoost,6.2850565910339355,6.2850565910339355
2023-12-01,1027,0.0,A,Alta,0.0,20.40214509062163,5.3443336,XGBoost,5.344333648681641,5.344333648681641
2023-10-01,1028,0.0,A,Alta,50.666666666666664,11.650774318283176,0.98655045,XGBoost,0.9865504503250122,0.9865504503250122
2023-11-01,1028,67.0,A,Alta,50.666666666666664,9.64112217093796,1.9315472,XGBoost,1.9315471649169922,-65.06845283508301
2023-12-01,1028,0.0,A,Alta,22.333333333333332,9.184186551606196,0.8804494,XGBoost,0.8804494142532349,0.8804494142532349
2023-10-01,1029,16.0,A,Media,25.666666666666668,13.383507575416928,5.542157,Regresión Lineal,13.383507575416928,-2.616492424583072
2023-11-01,1029,0.0,A,Media,20.666666666666668,11.474947950037208,3.879809,Regresión Lineal,11.474947950037208,11.474947950037208
2023-12-01,1029,21.0,A,Media,5.333333333333333,12.596252468506869,2.0672028,Regresión Lineal,12.596252468506869,-8.403747531493131
2023-10-01,1030,0.0,A,Alta,30.666666666666668,20.868114964855188,7.5366726,XGBoost,7.536672592163086,7.536672592163086
2023-11-01,1030,63.0,A,Alta,11.333333333333334,23.733665936243977,11.069386,XGBoost,11.069385528564453,-51.93061447143555
2023-12-01,1030,0.0,A,Alta,21.0,17.10115865232029,5.4342823,XGBoost,5.434282302856445,5.434282302856445
2023-10-01,1031,0.0,C,Alta,0.0,7.879461175530395,5.5736213,XGBoost,5.5736212730407715,5.5736212730407715
2023-11-01,1031,0.0,C,Alta,0.0,5.869809028185177,3.6299129,XGBoost,3.629912853240967,3.629912853240967
2023-12-01,1031,22.0,C,Alta,0.0,3.12457314214166,16.77779,XGBoost,16.777790069580078,-5.222209930419922
2023-10-01,1032,28.0,A,Alta,9.333333333333334,17.651331502164965,9.442531,Regresión Lineal,17.651331502164965,-10.348668497835035
2023-11-01,1032,26.0,A,Alta,18.666666666666668,15.825055239035862,7.0583916,Regresión Lineal,15.825055239035862,-10.174944760964138
2023-12-01,1032,11.0,A,Alta,18.0,11.363359015295362,5.0914125,Regresión Lineal,11.363359015295362,0.3633590152953623
2023-10-01,1033,61.0,A,Media,32.0,31.01190414220491,62.195107,XGBoost,62.195106506347656,1.1951065063476562
2023-11-01,1033,66.0,A,Media,48.0,24.387733202571106,11.68045,XGBoost,11.680450439453125,-54.319549560546875
2023-12-01,1033,0.0,A,Media,42.333333333333336,19.447261565390836,0.14502537,XGBoost,0.145025372505188,0.145025372505188
2023-10-01,1034,34.0,A,Alta,0.0,26.116002749267448,28.428005,Regresión Lineal,26.116002749267448,-7.883997250732552
2023-11-01,1034,0.0,A,Alta,11.333333333333334,19.50886910541408,29.891872,Regresión Lineal,19.50886910541408,19.50886910541408
2023-12-01,1034,0.0,A,Alta,11.333333333333334,18.140819565958072,24.915737,Regresión Lineal,18.140819565958072,18.140819565958072
2023-10-01,1035,1.0,A,Alta,11.666666666666666,19.777323934054134,19.66325,Media móvil,11.666666666666666,10.666666666666666
2023-11-01,1035,0.0,A,Alta,12.0,20.07557179407058,4.712876,Media móvil,12.0,12.0
2023-12-01,1035,0.0,A,Alta,0.3333333333333333,23.53402596115911,9.977142,Media móvil,0.3333333333333333,0.3333333333333333
2023-10-01,1036,49.0,A,Media,30.333333333333332,22.41181825132348,7.8365364,Regresión Lineal,22.41181825132348,-26.58818174867652
2023-11-01,1036,51.0,A,Media,41.0,15.972795059840255,4.9657545,Regresión Lineal,15.972795059840255,-35.02720494015975
2023-12-01,1036,7.0,A,Media,49.666666666666664,10.389771865654017,8.345795,Regresión Lineal,10.389771865654017,3.3897718656540174
2023-10-01,1037,0.0,B,Alta,7.333333333333333,18.03408611410107,3.1920233,XGBoost,3.192023277282715,3.192023277282715
2023-11-01,1037,0.0,B,Alta,7.333333333333333,16.02443396675585,1.3550255,XGBoost,1.3550255298614502,1.3550255298614502
2023-12-01,1037,32.0,B,Alta,7.333333333333333,13.279198080712334,3.1448655,XGBoost,3.1448655128479004,-28.8551344871521
2023-10-01,1038,31.0,B,Alta,14.333333333333334,14.595100041470992,6.310713,XGBoost,6.310712814331055,-24.689287185668945
2023-11-01,1038,1.0,B,Alta,24.666666666666668,7.732747632693226,2.344169,XGBoost,2.3441689014434814,1.3441689014434814
2023-12-01,1038,0.0,B,Alta,10.666666666666666,9.89501759301012,1.6787508,XGBoost,1.67875075340271,1.67875075340271
2023-10-01,1039,0.0,A,Media,47.666666666666664,8.939718465400611,3.9970198,XGBoost,3.9970197677612305,3.9970197677612305
2023-11-01,1039,0.0,A,Media,33.666666666666664,12.417440099821071,15.434315,XGBoost,15.434314727783203,15.434314727783203
2023-12-01,1039,0.0,A,Media,21.666666666666668,15.597532033466376,15.548136,XGBoost,15.548135757446289,15.548135757446289
2023-10-01,1040,0.0,B,Alta,0.0,18.887690791151865,3.0181828,XGBoost,3.0181827545166016,3.0181827545166016
2023-11-01,1040,47.0,B,Alta,0.0,16.87803864380665,23.851841,XGBoost,23.85184097290039,-23.14815902709961
2023-12-01,1040,0.0,B,Alta,15.666666666666666,10.182207127064892,1.8797591,XGBoost,1.8797590732574463,1.8797590732574463
2023-10-01,1041,0.0,B,Alta,10.333333333333334,15.2039067666983,1.4141881,XGBoost,1.4141881465911865,1.4141881465911865
2023-11-01,1041,40.0,B,Alta,10.333333333333334,13.194254619353085,2.8888288,XGBoost,2.888828754425049,-37.11117124557495
2023-12-01,1041,0.0,B,Alta,13.333333333333334,6.793182020617607,2.027358,XGBoost,2.027358055114746,2.027358055114746
2023-10-01,1042,0.0,A,Alta,25.333333333333332,12.511946180571648,2.7837985,XGBoost,2.7837984561920166,2.7837984561920166
2023-11-01,1042,0.0,A,Alta,9.0,14.621000116294812,1.7581542,XGBoost,1.7581541538238525,1.7581541538238525
2023-12-01,1042,0.0,A,Alta,0.0,16.89962803042318,4.331992,XGBoost,4.331992149353027,4.331992149353027
2023-10-01,1043,22.0,C,Alta,7.333333333333333,5.292080054205503,0.086399905,Media móvil,7.333333333333333,-14.666666666666668
2023-11-01,1043,3.0,C,Alta,14.666666666666666,0.0,0.0,Media móvil,14.666666666666666,11.666666666666666
2023-12-01,1043,18.0,C,Alta,8.333333333333334,0.0,1.079648,Media móvil,8.333333333333334,-9.666666666666666
2023-10-01,1044,11.0,B,Alta,21.666666666666668,9.422501305101008,11.634165,XGBoost,11.634164810180664,0.6341648101806641
2023-11-01,1044,6.0,B,Alta,9.666666666666666,12.10595761470842,3.6591902,XGBoost,3.6591901779174805,-2.3408098220825195
2023-12-01,1044,0.0,B,Alta,5.666666666666667,11.311669837919293,0.6502451,XGBoost,0.6502450704574585,0.6502450704574585
2023-10-01,1045,0.0,A,Alta,0.0,24.922100562408254,5.956745,Media móvil,0.0,0.0
2023-11-01,1045,2.0,A,Alta,0.0,22.912448415063036,5.3847837,Media móvil,0.0,-2.0
2023-12-01,1045,64.0,A,Alta,0.6666666666666666,19.854135092798067,7.044774,Media móvil,0.6666666666666666,-63.333333333333336
2023-10-01,1046,0.0,B,Alta,30.666666666666668,9.999024971143323,3.4569826,XGBoost,3.4569826126098633,3.4569826126098633
2023-11-01,1046,0.0,B,Alta,25.0,9.41831166894428,15.545059,XGBoost,15.545059204101562,15.545059204101562
2023-12-01,1046,0.0,B,Alta,23.666666666666668,7.00929668764104,4.752951,XGBoost,4.752951145172119,4.752951145172119
2023-10-01,1047,0.0,A,Alta,74.33333333333333,8.173873645699079,9.434253,Regresión Lineal,8.173873645699079,8.173873645699079
2023-11-01,1047,0.0,A,Alta,51.0,14.440042564855425,14.910211,Regresión Lineal,14.440042564855425,14.440042564855425
2023-12-01,1047,43.0,A,Alta,10.666666666666666,21.86548904720526,6.8362017,Regresión Lineal,21.86548904720526,-21.13451095279474
2023-10-01,1048,48.0,A,Alta,3.3333333333333335,32.21047547360297,12.8650255,XGBoost,12.865025520324707,-35.13497447967529
2023-11-01,1048,0.0,A,Alta,17.333333333333332,26.453053350707872,0.5522523,XGBoost,0.5522522926330566,0.5522522926330566
2023-12-01,1048,0.0,A,Alta,17.333333333333332,23.707817464664355,0.31238395,XGBoost,0.3123839497566223,0.3123839497566223
2023-10-01,1049,68.0,A,Alta,14.666666666666666,21.840179219434116,9.303638,XGBoost,9.303638458251953,-58.69636154174805
2023-11-01,1049,0.0,A,Alta,37.333333333333336,9.18589424055943,2.1084366,XGBoost,2.1084365844726562,2.1084365844726562
2023-12-01,1049,38.0,A,Alta,37.333333333333336,9.484965015393566,21.855486,XGBoost,21.855485916137695,-16.144514083862305
2023-10-01,1050,0.0,A,Alta,20.0,17.77005971700654,5.317598,XGBoost,5.31759786605835,5.31759786605835
2023-11-01,1050,28.0,A,Alta,5.666666666666667,19.37478229561929,3.3719263,XGBoost,3.3719263076782227,-24.628073692321777
2023-12-01,1050,0.0,A,Alta,9.333333333333334,19.908981453228204,1.5513701,XGBoost,1.5513701438903809,1.5513701438903809
2023-10-01,1051,46.0,A,Alta,0.0,26.708323264157737,2.6516836,Regresión Lineal,26.708323264157737,-19.291676735842263
2023-11-01,1051,62.0,A,Alta,15.333333333333334,20.25226277689408,1.4969966,Regresión Lineal,20.25226277689408,-41.747737223105915
2023-12-01,1051,8.0,A,Alta,36.0,12.875470802781546,0.8133322,Regresión Lineal,12.875470802781546,4.875470802781546
2023-10-01,1052,87.0,A,Alta,30.0,20.162272654289083,0.5798284,Regresión Lineal,20.162272654289083,-66.83772734571092
2023-11-01,1052,18.0,A,Alta,29.0,14.490677621513516,0.0,Regresión Lineal,14.490677621513516,-3.509322378486484
2023-12-01,1052,20.0,A,Alta,35.0,8.927744809476906,2.1661007,Regresión Lineal,8.927744809476906,-11.072255190523094
2023-10-01,1053,78.0,A,Alta,3.6666666666666665,33.696868975503776,2.4821856,Regresión Lineal,33.696868975503776,-44.303131024496224
2023-11-01,1053,0.0,A,Alta,26.0,20.401804303557572,1.8666995,Regresión Lineal,20.401804303557572,20.401804303557572
2023-12-01,1053,91.0,A,Alta,26.0,20.265974126837758,15.230778,Regresión Lineal,20.265974126837758,-70.73402587316224
2023-10-01,1054,64.0,A,Media,27.666666666666668,26.03772249741913,8.53743,Regresión Lineal,26.03772249741913,-37.962277502580875
2023-11-01,1054,0.0,A,Media,26.666666666666668,23.120500157818586,6.695405,Regresión Lineal,23.120500157818586,23.120500157818586
2023-12-01,1054,0.0,A,Media,26.666666666666668,20.37526427177507,55.783325,Regresión Lineal,20.37526427177507,20.37526427177507
2023-10-01,1055,46.0,B,Alta,23.666666666666668,9.333912311606044,4.290292,Regresión Lineal,9.333912311606044,-36.66608768839396
2023-11-01,1055,0.0,B,Alta,19.333333333333332,5.082737476086436,0.9490696,Regresión Lineal,5.082737476086436,5.082737476086436
2023-12-01,1055,8.0,B,Alta,19.333333333333332,5.2368412670692575,3.2281847,Regresión Lineal,5.2368412670692575,-2.7631587329307425
2023-10-01,1056,0.0,A,Alta,11.666666666666666,21.8435023817362,3.4294457,Media móvil,11.666666666666666,11.666666666666666
2023-11-01,1056,0.0,A,Alta,0.0,23.500618070124982,3.92056,Media móvil,0.0,0.0
2023-12-01,1056,29.0,A,Alta,0.0,26.19164407850585,92.1409,Media móvil,0.0,-29.0
2023-10-01,1057,40.0,A,Alta,8.333333333333334,23.19894295112158,10.650645,Media móvil,8.333333333333334,-31.666666666666664
2023-11-01,1057,26.0,A,Alta,21.666666666666668,14.927742079347261,13.639355,Media móvil,21.666666666666668,-4.333333333333332
2023-12-01,1057,31.0,A,Alta,30.333333333333332,8.112499522424834,5.4026556,Media móvil,30.333333333333332,-0.6666666666666679
2023-10-01,1058,0.0,A,Alta,17.333333333333332,45.66779395460739,11.703838,Regresión Lineal,45.66779395460739,45.66779395460739
2023-11-01,1058,57.0,A,Alta,12.666666666666666,47.22687020739987,20.617626,Regresión Lineal,47.22687020739987,-9.77312979260013
2023-12-01,1058,80.0,A,Alta,31.666666666666668,35.55892738904488,27.74164,Regresión Lineal,35.55892738904488,-44.44107261095512
2023-10-01,1059,28.0,A,Alta,24.0,10.816952809280119,4.5255613,Media móvil,24.0,-4.0
2023-11-01,1059,17.0,A,Alta,28.0,6.711385568829195,2.0833788,Media móvil,28.0,11.0
2023-12-01,1059,0.0,A,Alta,15.0,8.693973342516541,2.124495,Media móvil,15.0,15.0
2023-10-01,1060,80.0,A,Alta,7.0,29.83619814705403,7.199771,XGBoost,7.199770927429199,-72.8002290725708
2023-11-01,1060,0.0,A,Alta,33.666666666666664,16.970568865140766,7.064411,XGBoost,7.064411163330078,7.064411163330078
2023-12-01,1060,44.0,A,Alta,26.666666666666668,18.237480978679105,31.849037,XGBoost,31.849037170410156,-12.150962829589844
2023-10-01,1061,37.0,A,Alta,8.333333333333334,36.42829622004649,7.754717,Regresión Lineal,36.42829622004649,-0.5717037799535092
2023-11-01,1061,0.0,A,Alta,20.666666666666668,36.96231307405509,22.089376,Regresión Lineal,36.96231307405509,36.96231307405509
2023-12-01,1061,77.0,A,Alta,20.666666666666668,37.18890035696356,16.026995,Regresión Lineal,37.18890035696356,-39.81109964303644
2023-10-01,1062,4.0,A,Alta,46.333333333333336,33.57602752484287,2.864305,XGBoost,2.864305019378662,-1.135694980621338
2023-11-01,1062,110.0,A,Alta,13.666666666666666,43.71789610761998,5.6463914,XGBoost,5.64639139175415,-104.35360860824585
2023-12-01,1062,11.0,A,Alta,50.333333333333336,31.00175042196228,0.8394468,XGBoost,0.8394467830657959,-10.160553216934204
2023-10-01,1063,31.0,A,Media,29.666666666666668,24.402792079206733,14.083941,Regresión Lineal,24.402792079206733,-6.597207920793267
2023-11-01,1063,0.0,A,Media,29.333333333333332,23.129546585377508,4.4411244,Regresión Lineal,23.129546585377508,23.129546585377508
2023-12-01,1063,60.0,A,Media,10.333333333333334,31.40903889748955,8.198614,Regresión Lineal,31.40903889748955,-28.59096110251045
2023-10-01,1064,0.0,B,Alta,1.6666666666666667,12.97367700198664,2.8633502,XGBoost,2.8633501529693604,2.8633501529693604
2023-11-01,1064,0.0,B,Alta,1.6666666666666667,11.906310249674984,4.234595,XGBoost,4.234594821929932,4.234594821929932
2023-12-01,1064,35.0,B,Alta,0.0,10.741086365367346,4.241787,XGBoost,4.241786956787109,-30.75821304321289
2023-10-01,1065,0.0,C,Alta,8.666666666666666,8.989070100910123,1.3227024,Media móvil,8.666666666666666,8.666666666666666
2023-11-01,1065,21.0,C,Alta,8.666666666666666,6.979417953564907,1.5556829,Media móvil,8.666666666666666,-12.333333333333334
2023-12-01,1065,27.0,C,Alta,7.0,3.132304868007906,0.7057967,Media móvil,7.0,-20.0
2023-10-01,1066,4.0,B,Alta,28.666666666666668,6.573442180556416,0.7868768,XGBoost,0.7868767976760864,-3.2131232023239136
2023-11-01,1066,0.0,B,Alta,23.666666666666668,5.534684458284602,0.09656308,XGBoost,0.09656307846307755,0.09656307846307755
2023-12-01,1066,0.0,B,Alta,17.0,4.470553095942465,0.0,XGBoost,0.0,0.0
2023-10-01,1067,0.0,A,Alta,33.333333333333336,16.98053491425369,3.5041203,XGBoost,3.504120349884033,3.504120349884033
2023-11-01,1067,0.0,A,Alta,12.333333333333334,21.498581379304017,19.081644,XGBoost,19.08164405822754,19.08164405822754
2023-12-01,1067,0.0,A,Alta,12.333333333333334,24.624508339238833,17.678608,XGBoost,17.678607940673828,17.678607940673828
2023-10-01,1068,0.0,C,Alta,11.666666666666666,9.566412729614905,2.110416,XGBoost,2.1104159355163574,2.1104159355163574
2023-11-01,1068,42.0,C,Alta,11.666666666666666,9.803748831965102,8.034446,XGBoost,8.034445762634277,-33.96555423736572
2023-12-01,1068,0.0,C,Alta,18.666666666666668,2.249046535157478,0.55655396,XGBoost,0.5565539598464966,0.5565539598464966
2023-10-01,1069,46.0,A,Alta,1.3333333333333333,35.37498229539911,6.5431466,Regresión Lineal,35.37498229539911,-10.625017704600893
2023-11-01,1069,23.0,A,Alta,16.666666666666668,26.16454911496042,1.9187455,Regresión Lineal,26.16454911496042,3.164549114960419
2023-12-01,1069,47.0,A,Alta,23.0,25.518922019609178,1.9643166,Regresión Lineal,25.518922019609178,-21.481077980390822
2023-10-01,1070,0.0,C,Alta,0.0,16.409122984081087,3.127264,Media móvil,0.0,0.0
2023-11-01,1070,49.0,C,Alta,0.0,14.399470836735869,15.848227,Media móvil,0.0,-49.0
2023-12-01,1070,41.0,C,Alta,16.333333333333332,4.998606650225925,1.7227297,Media móvil,16.333333333333332,-24.666666666666668
2023-10-01,1071,22.0,B,Alta,0.0,18.532777195578657,4.510043,Media móvil,0.0,-22.0
2023-11-01,1071,59.0,B,Alta,7.333333333333333,13.079273249797435,23.38069,Media móvil,7.333333333333333,-51.666666666666664
2023-12-01,1071,40.0,B,Alta,27.0,1.5331539467749469,6.442226,Media móvil,27.0,-13.0
2023-10-01,1072,0.0,A,Alta,21.0,15.555891041028609,10.833524,Media móvil,21.0,21.0
2023-11-01,1072,64.0,A,Alta,21.0,13.546238893683395,5.568487,Media móvil,21.0,-43.0
2023-12-01,1072,23.0,A,Alta,21.333333333333332,6.078004298212667,4.379263,Media móvil,21.333333333333332,-1.6666666666666679
2023-10-01,1073,90.0,A,Alta,0.0,34.672327009811724,4.342037,Media móvil,0.0,-90.0
2023-11-01,1073,48.0,A,Alta,30.0,18.57419023250103,4.5217314,Media móvil,30.0,-18.0
2023-12-01,1073,111.0,A,Alta,46.0,10.41711714298669,0.2666566,Media móvil,46.0,-65.0
2023-10-01,1074,0.0,A,Media,20.0,21.050177585998064,6.3373604,XGBoost,6.337360382080078,6.337360382080078
2023-11-01,1074,42.0,A,Media,20.0,19.04052543865285,13.40637,XGBoost,13.406370162963867,-28.593629837036133
2023-12-01,1074,19.0,A,Media,23.666666666666668,12.471342387547235,11.146493,XGBoost,11.146492958068848,-7.853507041931152
2023-10-01,1075,18.0,A,Alta,33.666666666666664,18.560246998132026,58.848362,Media móvil,33.666666666666664,15.666666666666664
2023-11-01,1075,37.0,A,Alta,39.666666666666664,19.60406077077205,9.322609,Media móvil,39.666666666666664,2.6666666666666643
2023-12-01,1075,0.0,A,Alta,18.333333333333332,22.165875868647287,26.524324,Media móvil,18.333333333333332,18.333333333333332
2023-10-01,1076,23.0,B,Alta,8.666666666666666,19.985644992648172,3.8246074,Regresión Lineal,19.985644992648172,-3.0143550073518277
2023-11-01,1076,0.0,B,Alta,16.333333333333332,16.6950740703773,4.530906,Regresión Lineal,16.6950740703773,16.6950740703773
2023-12-01,1076,62.0,B,Alta,16.333333333333332,13.949838184333782,3.29218,Regresión Lineal,13.949838184333782,-48.050161815666215
2023-10-01,1077,28.0,B,Alta,22.666666666666668,11.518146322273818,21.579212,XGBoost,21.579212188720703,-6.420787811279297
2023-11-01,1077,0.0,B,Alta,32.0,5.125410067828232,0.86669576,XGBoost,0.866695761680603,0.866695761680603
2023-12-01,1077,24.0,B,Alta,9.333333333333334,8.09592956236941,6.6391916,XGBoost,6.639191627502441,-17.36080837249756
2023-10-01,1078,0.0,B,Alta,1.0,21.304880943450836,10.767489,Media móvil,1.0,1.0
2023-11-01,1078,8.0,B,Alta,0.0,23.09908557901809,9.53517,Media móvil,0.0,-8.0
2023-12-01,1078,0.0,B,Alta,2.6666666666666665,19.101539948088753,2.9759555,Media móvil,2.6666666666666665,2.6666666666666665
2023-10-01,1079,50.0,B,Alta,17.666666666666668,10.351176663341096,3.6578388,Regresión Lineal,10.351176663341096,-39.64882333665891
2023-11-01,1079,0.0,B,Alta,34.333333333333336,0.5145886104595068,0.0,Regresión Lineal,0.5145886104595068,0.5145886104595068
2023-12-01,1079,0.0,B,Alta,16.666666666666668,2.22427971222465,1.0100591,Regresión Lineal,2.22427971222465,2.22427971222465
2023-10-01,1080,0.0,B,Alta,14.333333333333334,18.555029645388633,7.0178537,XGBoost,7.017853736877441,7.017853736877441
2023-11-01,1080,32.0,B,Alta,9.666666666666666,17.72215066463438,2.8756783,XGBoost,2.875678300857544,-29.124321699142456
2023-12-01,1080,0.0,B,Alta,10.666666666666666,12.40527735841459,0.6168579,XGBoost,0.6168578863143921,0.6168578863143921
2023-10-01,1081,23.0,B,Alta,13.0,17.151646743913105,6.192525,XGBoost,6.1925249099731445,-16.807475090026855
2023-11-01,1081,0.0,B,Alta,15.333333333333334,17.452947690298743,4.6306458,XGBoost,4.630645751953125,4.630645751953125
2023-12-01,1081,0.0,B,Alta,15.333333333333334,14.707711804255226,7.602908,XGBoost,7.602908134460449,7.602908134460449
2023-10-01,1082,0.0,A,Alta,45.666666666666664,4.176145150614966,9.42169,Regresión Lineal,4.176145150614966,4.176145150614966
2023-11-01,1082,41.0,A,Alta,14.333333333333334,10.067684264666237,5.4562254,Regresión Lineal,10.067684264666237,-30.932315735333763
2023-12-01,1082,0.0,A,Alta,13.666666666666666,4.663702645892176,4.954522,Regresión Lineal,4.663702645892176,4.663702645892176
2023-10-01,1083,0.0,C,Alta,14.0,7.957429897418493,1.2028797,XGBoost,1.2028796672821045,1.2028796672821045
2023-11-01,1083,0.0,C,Alta,14.0,8.04979901591737,1.0412841,XGBoost,1.0412840843200684,1.0412840843200684
2023-12-01,1083,0.0,C,Alta,0.0,8.834882629646755,8.772063,XGBoost,8.772063255310059,8.772063255310059
2023-10-01,1084,0.0,A,Alta,29.0,15.52308020217491,0.8746033,XGBoost,0.874603271484375,0.874603271484375
2023-11-01,1084,15.0,A,Alta,29.0,13.513428054829692,15.8917465,XGBoost,15.891746520996094,0.8917465209960938
2023-12-01,1084,0.0,A,Alta,27.0,10.185271147011717,0.24688675,XGBoost,0.246886745095253,0.246886745095253
2023-10-01,1085,0.0,A,Media,13.333333333333334,25.83553889210757,10.820866,Media móvil,13.333333333333334,13.333333333333334
2023-11-01,1085,32.0,A,Media,13.333333333333334,23.825886744762354,14.681796,Media móvil,13.333333333333334,-18.666666666666664
2023-12-01,1085,42.0,A,Media,24.0,16.07141187917556,7.169608,Media móvil,24.0,-18.0
2023-10-01,1086,32.0,A,Media,36.666666666666664,22.271064009863647,8.714813,Regresión Lineal,22.271064009863647,-9.728935990136353
2023-11-01,1086,17.0,A,Media,32.333333333333336,21.35412980292433,4.028293,Regresión Lineal,21.35412980292433,4.35412980292433
2023-12-01,1086,79.0,A,Media,22.0,21.79447386402322,7.1186466,Regresión Lineal,21.79447386402322,-57.20552613597678
2023-10-01,1087,55.0,A,Alta,6.666666666666667,27.432505199999877,20.54021,Regresión Lineal,27.432505199999877,-27.567494800000123
2023-11-01,1087,30.0,A,Alta,25.0,19.930013709367962,15.988161,Regresión Lineal,19.930013709367962,-10.069986290632038
2023-12-01,1087,0.0,A,Alta,35.0,13.213451199259204,13.571097,Regresión Lineal,13.213451199259204,13.213451199259204
2023-10-01,1088,56.0,C,Alta,4.333333333333333,15.78794666899277,6.0626464,Media móvil,4.333333333333333,-51.666666666666664
2023-11-01,1088,21.0,C,Alta,22.666666666666668,7.198202799475981,0.88279855,Media móvil,22.666666666666668,1.6666666666666679
2023-12-01,1088,20.0,C,Alta,29.666666666666668,1.1656538331071848,2.0344028,Media móvil,29.666666666666668,9.666666666666668
2023-10-01,1089,106.0,A,Alta,41.0,29.726368610345343,46.179695,Media móvil,41.0,-65.0
2023-11-01,1089,55.0,A,Alta,66.0,13.729324355000152,7.6331596,Media móvil,66.0,11.0
2023-12-01,1089,32.0,A,Alta,83.0,2.7106798776069,0.9523494,Media móvil,83.0,51.0
2023-10-01,1090,48.0,A,Media,48.0,43.41583664251557,6.105346,Media móvil,48.0,0.0
2023-11-01,1090,49.0,A,Media,45.666666666666664,41.05228568343229,21.093655,Media móvil,45.666666666666664,-3.3333333333333357
2023-12-01,1090,46.0,A,Media,51.666666666666664,33.24236462170026,2.3306642,Media móvil,51.666666666666664,5.666666666666664
2023-10-01,1091,54.0,B,Alta,14.666666666666666,9.741344220701027,2.123369,Regresión Lineal,9.741344220701027,-44.25865577929898
2023-11-01,1091,0.0,B,Alta,32.666666666666664,1.8880070047002295,0.0,Regresión Lineal,1.8880070047002295,1.8880070047002295
2023-12-01,1091,0.0,B,Alta,32.666666666666664,0.882374924872515,2.1832073,Regresión Lineal,0.882374924872515,0.882374924872515
2023-10-01,1092,0.0,A,Media,41.0,46.68319327930075,12.77684,XGBoost,12.776840209960938,12.776840209960938
2023-11-01,1092,75.0,A,Media,25.333333333333332,48.62413676265379,17.384897,XGBoost,17.384897232055664,-57.615102767944336
2023-12-01,1092,21.0,A,Media,25.0,41.976364046884115,9.385385,XGBoost,9.385384559631348,-11.614615440368652
2023-10-01,1093,65.0,A,Alta,21.666666666666668,22.338611158556436,35.02185,XGBoost,35.0218505859375,-29.9781494140625
2023-11-01,1093,68.0,A,Alta,43.333333333333336,13.850600422222517,4.842244,XGBoost,4.8422441482543945,-63.157755851745605
2023-12-01,1093,0.0,A,Alta,64.0,2.1972824244961373,0.25546578,XGBoost,0.2554657757282257,0.2554657757282257
2023-10-01,1094,0.0,A,Alta,0.0,31.50891796147472,1.3043373,XGBoost,1.3043372631072998,1.3043372631072998
2023-11-01,1094,0.0,A,Alta,0.0,29.499265814129505,0.76141274,XGBoost,0.7614127397537231,0.7614127397537231
2023-12-01,1094,27.0,A,Alta,0.0,26.754029928085988,4.6382437,XGBoost,4.638243675231934,-22.361756324768066
2023-10-01,1095,21.0,B,Alta,6.666666666666667,21.867162696346096,1.7965109,Regresión Lineal,21.867162696346096,0.8671626963460959
2023-11-01,1095,76.0,B,Alta,13.666666666666666,17.947383815263112,4.468737,Regresión Lineal,17.947383815263112,-58.05261618473689
2023-12-01,1095,4.0,B,Alta,32.333333333333336,4.986309876505688,2.0335066,Regresión Lineal,4.986309876505688,0.9863098765056879
2023-10-01,1096,10.0,A,Baja,30.333333333333332,23.791478955625962,40.294502,Media móvil,30.333333333333332,20.333333333333332
2023-11-01,1096,17.0,A,Baja,21.0,26.672295358860723,14.48165,Media móvil,21.0,4.0
2023-12-01,1096,20.0,A,Baja,16.666666666666668,26.10702979210798,27.370363,Media móvil,16.666666666666668,-3.333333333333332
2023-10-01,1097,76.0,A,Alta,18.0,19.30336983358473,14.615654,Regresión Lineal,19.30336983358473,-56.696630166415275
2023-11-01,1097,0.0,A,Alta,43.333333333333336,5.396775109824226,1.8138273,Regresión Lineal,5.396775109824226,5.396775109824226
2023-12-01,1097,0.0,A,Alta,43.333333333333336,2.6515392237807074,3.9796467,Regresión Lineal,2.6515392237807074,2.6515392237807074
2023-10-01,1098,21.0,C,Alta,6.333333333333333,11.981066641635756,0.88696647,Media móvil,6.333333333333333,-14.666666666666668
2023-11-01,1098,31.0,C,Alta,7.0,8.643568171109866,2.270357,Media móvil,7.0,-24.0
2023-12-01,1098,28.0,C,Alta,17.333333333333332,1.0456320236337975,0.0,Media móvil,17.333333333333332,-10.666666666666668
2023-10-01,1099,119.0,A,Media,20.333333333333332,46.70917434457468,20.721466,Regresión Lineal,46.70917434457468,-72.29082565542532
2023-11-01,1099,0.0,A,Media,60.0,30.202973781815427,0.97997344,Regresión Lineal,30.202973781815427,30.202973781815427
2023-12-01,1099,76.0,A,Media,39.666666666666664,36.06431430549273,5.139023,Regresión Lineal,36.06431430549273,-39.93568569450727
2023-10-01,1100,0.0,A,Alta,26.333333333333332,17.171973722737686,5.019564,Regresión Lineal,17.171973722737686,17.171973722737686
2023-11-01,1100,15.0,A,Alta,26.333333333333332,15.162321575392468,4.1725473,Regresión Lineal,15.162321575392468,0.16232157539246828
2023-12-01,1100,73.0,A,Alta,17.0,15.785400909490104,8.702112,Regresión Lineal,15.785400909490104,-57.21459909050989
