fecha,producto_id,demanda,categoria_abc,variabilidad,usar_ml,prediccion_xgboost,prediccion_baseline_3m,prediccion_final,metodo_usado,error_final
2023-10-01,1001,51.0,A,Media,True,30.625778,27.666666666666668,30.625778198242188,XGBoost,-20.374221801757812
2023-11-01,1001,44.0,A,Media,True,33.726257,44.666666666666664,33.72625732421875,XGBoost,-10.27374267578125
2023-12-01,1001,45.0,A,Media,True,33.148163,44.666666666666664,33.148162841796875,XGBoost,-11.851837158203125
2023-10-01,1002,69.0,A,Alta,True,47.198048,12.333333333333334,47.19804763793945,XGBoost,-21.801952362060547
2023-11-01,1002,24.0,A,Alta,True,40.09614,28.333333333333332,40.09614181518555,XGBoost,16.096141815185547
2023-12-01,1002,0.0,A,Alta,True,0.23243609,31.0,0.23243609070777893,XGBoost,0.23243609070777893
2023-10-01,1003,0.0,A,Alta,True,0.24043621,19.0,0.24043621122837067,XGBoost,0.24043621122837067
2023-11-01,1003,11.0,A,Alta,True,0.005907591,12.333333333333334,0.005907590966671705,XGBoost,-10.994092409033328
2023-12-01,1003,47.0,A,Alta,True,45.300198,16.0,45.30019760131836,XGBoost,-1.6998023986816406
2023-10-01,1004,0.0,A,Alta,True,0.02496309,26.0,0.02496309019625187,XGBoost,0.02496309019625187
2023-11-01,1004,1.0,A,Alta,True,21.31536,9.0,21.315359115600586,XGBoost,20.315359115600586
2023-12-01,1004,11.0,A,Alta,True,11.799683,9.333333333333334,11.7996826171875,XGBoost,0.7996826171875
2023-10-01,1005,0.0,A,Alta,True,0.0,12.0,0.0,XGBoost,0.0
2023-11-01,1005,71.0,A,Alta,True,38.223225,12.0,38.22322463989258,XGBoost,-32.77677536010742
2023-12-01,1005,28.0,A,Alta,True,31.779522,28.666666666666668,31.779521942138672,XGBoost,3.779521942138672
2023-10-01,1006,0.0,A,Alta,True,0.042272612,36.0,0.04227261245250702,XGBoost,0.04227261245250702
2023-11-01,1006,22.0,A,Alta,True,24.207224,36.0,24.207223892211914,XGBoost,2.207223892211914
2023-12-01,1006,0.0,A,Alta,True,0.0,43.333333333333336,0.0,XGBoost,0.0
2023-10-01,1007,0.0,C,Alta,True,0.0,5.333333333333333,0.0,XGBoost,0.0
2023-11-01,1007,0.0,C,Alta,True,0.022420451,5.333333333333333,0.022420451045036316,XGBoost,0.022420451045036316
2023-12-01,1007,0.0,C,Alta,True,0.33437046,0.0,0.3343704640865326,XGBoost,0.3343704640865326
2023-10-01,1008,24.0,A,Media,True,48.46683,24.0,48.46683120727539,XGBoost,24.46683120727539
2023-11-01,1008,0.0,A,Media,True,0.29449278,32.0,0.29449278116226196,XGBoost,0.29449278116226196
2023-12-01,1008,99.0,A,Media,True,75.64876,18.666666666666668,75.64875793457031,XGBoost,-23.351242065429688
2023-10-01,1009,0.0,A,Alta,True,0.12630205,11.0,0.12630204856395721,XGBoost,0.12630204856395721
2023-11-01,1009,14.0,A,Alta,True,25.540205,11.0,25.540205001831055,XGBoost,11.540205001831055
2023-12-01,1009,0.0,A,Alta,True,0.026325826,4.666666666666667,0.026325825601816177,XGBoost,0.026325825601816177
2023-10-01,1010,20.0,B,Alta,True,51.022873,0.0,51.02287292480469,XGBoost,31.022872924804688
2023-11-01,1010,0.0,B,Alta,True,0.034883313,6.666666666666667,0.03488331288099289,XGBoost,0.03488331288099289
2023-12-01,1010,30.0,B,Alta,True,47.07919,6.666666666666667,47.07918930053711,XGBoost,17.07918930053711
2023-10-01,1011,0.0,C,Alta,True,1.2842247,0.0,1.2842247486114502,XGBoost,1.2842247486114502
2023-11-01,1011,0.0,C,Alta,True,1.2842247,0.0,1.2842247486114502,XGBoost,1.2842247486114502
2023-12-01,1011,13.0,C,Alta,True,20.973639,0.0,20.9736385345459,XGBoost,7.973638534545898
2023-10-01,1012,34.0,A,Media,True,26.736814,6.333333333333333,26.736814498901367,XGBoost,-7.263185501098633
2023-11-01,1012,21.0,A,Media,True,33.773075,17.666666666666668,33.773075103759766,XGBoost,12.773075103759766
2023-12-01,1012,13.0,A,Media,True,48.540855,24.666666666666668,48.540855407714844,XGBoost,35.540855407714844
2023-10-01,1013,66.0,A,Alta,True,36.090084,14.0,36.090084075927734,XGBoost,-29.909915924072266
2023-11-01,1013,0.0,A,Alta,True,0.13355446,36.0,0.13355445861816406,XGBoost,0.13355445861816406
2023-12-01,1013,0.0,A,Alta,True,0.0,27.333333333333332,0.0,XGBoost,0.0
2023-10-01,1014,0.0,A,Alta,True,0.0,27.0,0.0,XGBoost,0.0
2023-11-01,1014,26.0,A,Alta,True,38.437576,24.666666666666668,38.43757629394531,XGBoost,12.437576293945312
2023-12-01,1014,53.0,A,Alta,True,25.893091,24.666666666666668,25.893091201782227,XGBoost,-27.106908798217773
2023-10-01,1015,23.0,A,Alta,True,18.247322,49.0,18.24732208251953,XGBoost,-4.752677917480469
2023-11-01,1015,1.0,A,Alta,True,23.801476,53.666666666666664,23.801475524902344,XGBoost,22.801475524902344
2023-12-01,1015,0.0,A,Alta,True,0.0,37.0,0.0,XGBoost,0.0
2023-10-01,1016,11.0,A,Alta,True,24.944256,7.666666666666667,24.944255828857422,XGBoost,13.944255828857422
2023-11-01,1016,50.0,A,Alta,True,35.239067,11.333333333333334,35.23906707763672,XGBoost,-14.760932922363281
2023-12-01,1016,0.0,A,Alta,True,0.0,20.333333333333332,0.0,XGBoost,0.0
2023-10-01,1017,1.0,A,Media,True,23.91904,28.333333333333332,23.91904067993164,XGBoost,22.91904067993164
2023-11-01,1017,0.0,A,Media,True,0.013301932,14.666666666666666,0.013301932252943516,XGBoost,0.013301932252943516
2023-12-01,1017,33.0,A,Media,True,30.186901,0.3333333333333333,30.186901092529297,XGBoost,-2.813098907470703
2023-10-01,1018,0.0,C,Alta,True,0.0027907141,11.666666666666666,0.0027907141484320164,XGBoost,0.0027907141484320164
2023-11-01,1018,0.0,C,Alta,True,0.0017657919,11.666666666666666,0.0017657919088378549,XGBoost,0.0017657919088378549
2023-12-01,1018,0.0,C,Alta,True,0.005027073,8.333333333333334,0.005027072969824076,XGBoost,0.005027072969824076
2023-10-01,1019,79.0,A,Media,True,34.38841,44.0,34.38840866088867,XGBoost,-44.61159133911133
2023-11-01,1019,33.0,A,Media,True,32.46948,61.666666666666664,32.469478607177734,XGBoost,-0.5305213928222656
2023-12-01,1019,36.0,A,Media,True,20.365044,66.66666666666667,20.36504364013672,XGBoost,-15.634956359863281
2023-10-01,1020,0.0,B,Alta,True,0.0,25.0,0.0,XGBoost,0.0
2023-11-01,1020,0.0,B,Alta,True,0.0,25.0,0.0,XGBoost,0.0
2023-12-01,1020,45.0,B,Alta,True,27.42317,25.0,27.42317008972168,XGBoost,-17.57682991027832
2023-10-01,1021,0.0,A,Alta,True,0.11269835,20.666666666666668,0.11269834637641907,XGBoost,0.11269834637641907
2023-11-01,1021,46.0,A,Alta,True,29.464167,6.333333333333333,29.46416664123535,XGBoost,-16.53583335876465
2023-12-01,1021,0.0,A,Alta,True,0.31961614,15.333333333333334,0.3196161389350891,XGBoost,0.3196161389350891
2023-10-01,1022,0.0,C,Alta,True,0.0,7.0,0.0,XGBoost,0.0
2023-11-01,1022,29.0,C,Alta,True,18.147474,7.0,18.14747428894043,XGBoost,-10.85252571105957
2023-12-01,1022,10.0,C,Alta,True,26.237028,9.666666666666666,26.237028121948242,XGBoost,16.237028121948242
2023-10-01,1023,42.0,A,Alta,True,25.254185,43.0,25.25418472290039,XGBoost,-16.74581527709961
2023-11-01,1023,0.0,A,Alta,True,0.0,55.0,0.0,XGBoost,0.0
2023-12-01,1023,47.0,A,Alta,True,24.97278,27.333333333333332,24.972780227661133,XGBoost,-22.027219772338867
2023-10-01,1024,0.0,A,Media,True,0.29749775,24.0,0.2974977493286133,XGBoost,0.2974977493286133
2023-11-01,1024,43.0,A,Media,True,56.728493,24.0,56.728492736816406,XGBoost,13.728492736816406
2023-12-01,1024,22.0,A,Media,True,77.92848,14.333333333333334,77.92848205566406,XGBoost,55.92848205566406
2023-10-01,1025,44.0,A,Alta,True,30.3395,34.333333333333336,30.339500427246094,XGBoost,-13.660499572753906
2023-11-01,1025,0.0,A,Alta,True,0.3320383,23.333333333333332,0.3320383131504059,XGBoost,0.3320383131504059
2023-12-01,1025,39.0,A,Alta,True,30.7349,23.333333333333332,30.734899520874023,XGBoost,-8.265100479125977
2023-10-01,1026,45.0,B,Alta,True,34.23195,8.333333333333334,34.23194885253906,XGBoost,-10.768051147460938
2023-11-01,1026,36.0,B,Alta,True,32.582912,23.333333333333332,32.58291244506836,XGBoost,-3.4170875549316406
2023-12-01,1026,0.0,B,Alta,True,0.0,27.0,0.0,XGBoost,0.0
2023-10-01,1027,0.0,A,Alta,True,0.0,28.0,0.0,XGBoost,0.0
2023-11-01,1027,0.0,A,Alta,True,0.0,15.666666666666666,0.0,XGBoost,0.0
2023-12-01,1027,0.0,A,Alta,True,0.0,0.0,0.0,XGBoost,0.0
2023-10-01,1028,0.0,A,Alta,True,0.0014728095,50.666666666666664,0.001472809468396008,XGBoost,0.001472809468396008
2023-11-01,1028,67.0,A,Alta,True,14.801937,50.666666666666664,14.801937103271484,XGBoost,-52.198062896728516
2023-12-01,1028,0.0,A,Alta,True,0.0,22.333333333333332,0.0,XGBoost,0.0
2023-10-01,1029,16.0,A,Media,True,14.776317,25.666666666666668,14.77631664276123,XGBoost,-1.2236833572387695
2023-11-01,1029,0.0,A,Media,True,0.0,20.666666666666668,0.0,XGBoost,0.0
2023-12-01,1029,21.0,A,Media,True,16.953335,5.333333333333333,16.95333480834961,XGBoost,-4.046665191650391
2023-10-01,1030,0.0,A,Alta,True,0.0,30.666666666666668,0.0,XGBoost,0.0
2023-11-01,1030,63.0,A,Alta,True,28.732927,11.333333333333334,28.732927322387695,XGBoost,-34.267072677612305
2023-12-01,1030,0.0,A,Alta,True,0.077178456,21.0,0.077178455889225,XGBoost,0.077178455889225
2023-10-01,1031,0.0,C,Alta,True,0.87705326,0.0,0.8770532608032227,XGBoost,0.8770532608032227
2023-11-01,1031,0.0,C,Alta,True,0.87705326,0.0,0.8770532608032227,XGBoost,0.8770532608032227
2023-12-01,1031,22.0,C,Alta,True,14.263849,0.0,14.263849258422852,XGBoost,-7.736150741577148
2023-10-01,1032,28.0,A,Alta,True,36.81432,9.333333333333334,36.8143196105957,XGBoost,8.814319610595703
2023-11-01,1032,26.0,A,Alta,True,28.68179,18.666666666666668,28.68178939819336,XGBoost,2.6817893981933594
2023-12-01,1032,11.0,A,Alta,True,22.626198,18.0,22.626197814941406,XGBoost,11.626197814941406
2023-10-01,1033,61.0,A,Media,True,24.281382,32.0,24.281381607055664,XGBoost,-36.718618392944336
2023-11-01,1033,66.0,A,Media,True,28.553955,48.0,28.553955078125,XGBoost,-37.446044921875
2023-12-01,1033,0.0,A,Media,True,0.0,42.333333333333336,0.0,XGBoost,0.0
2023-10-01,1034,34.0,A,Alta,True,24.146563,0.0,24.146562576293945,XGBoost,-9.853437423706055
2023-11-01,1034,0.0,A,Alta,True,0.167599,11.333333333333334,0.16759899258613586,XGBoost,0.16759899258613586
2023-12-01,1034,0.0,A,Alta,True,0.0151366815,11.333333333333334,0.015136681497097015,XGBoost,0.015136681497097015
2023-10-01,1035,1.0,A,Alta,True,33.710438,11.666666666666666,33.7104377746582,XGBoost,32.7104377746582
2023-11-01,1035,0.0,A,Alta,True,0.14990342,12.0,0.14990341663360596,XGBoost,0.14990341663360596
2023-12-01,1035,0.0,A,Alta,True,0.032794204,0.3333333333333333,0.032794203609228134,XGBoost,0.032794203609228134
2023-10-01,1036,49.0,A,Media,True,31.838745,30.333333333333332,31.8387451171875,XGBoost,-17.1612548828125
2023-11-01,1036,51.0,A,Media,True,19.218021,41.0,19.218021392822266,XGBoost,-31.781978607177734
2023-12-01,1036,7.0,A,Media,True,22.974596,49.666666666666664,22.97459602355957,XGBoost,15.97459602355957
2023-10-01,1037,0.0,B,Alta,True,0.14162321,7.333333333333333,0.14162321388721466,XGBoost,0.14162321388721466
2023-11-01,1037,0.0,B,Alta,True,0.1747613,7.333333333333333,0.17476129531860352,XGBoost,0.17476129531860352
2023-12-01,1037,32.0,B,Alta,True,35.622253,7.333333333333333,35.62225341796875,XGBoost,3.62225341796875
2023-10-01,1038,31.0,B,Alta,True,27.489489,14.333333333333334,27.48948860168457,XGBoost,-3.5105113983154297
2023-11-01,1038,1.0,B,Alta,True,25.833252,24.666666666666668,25.833251953125,XGBoost,24.833251953125
2023-12-01,1038,0.0,B,Alta,True,0.014298286,10.666666666666666,0.01429828628897667,XGBoost,0.01429828628897667
2023-10-01,1039,0.0,A,Media,True,0.0,47.666666666666664,0.0,XGBoost,0.0
2023-11-01,1039,0.0,A,Media,True,0.0,33.666666666666664,0.0,XGBoost,0.0
2023-12-01,1039,0.0,A,Media,True,0.013207128,21.666666666666668,0.013207128271460533,XGBoost,0.013207128271460533
2023-10-01,1040,0.0,B,Alta,True,0.20847146,0.0,0.20847146213054657,XGBoost,0.20847146213054657
2023-11-01,1040,47.0,B,Alta,True,32.54745,0.0,32.54745101928711,XGBoost,-14.45254898071289
2023-12-01,1040,0.0,B,Alta,True,0.0,15.666666666666666,0.0,XGBoost,0.0
2023-10-01,1041,0.0,B,Alta,True,0.04818317,10.333333333333334,0.04818316921591759,XGBoost,0.04818316921591759
2023-11-01,1041,40.0,B,Alta,True,29.22702,10.333333333333334,29.227020263671875,XGBoost,-10.772979736328125
2023-12-01,1041,0.0,B,Alta,True,0.07471783,13.333333333333334,0.07471782714128494,XGBoost,0.07471782714128494
2023-10-01,1042,0.0,A,Alta,True,0.0,25.333333333333332,0.0,XGBoost,0.0
2023-11-01,1042,0.0,A,Alta,True,0.0,9.0,0.0,XGBoost,0.0
2023-12-01,1042,0.0,A,Alta,True,0.0,0.0,0.0,XGBoost,0.0
2023-10-01,1043,22.0,C,Alta,True,16.249413,7.333333333333333,16.249412536621094,XGBoost,-5.750587463378906
2023-11-01,1043,3.0,C,Alta,True,22.14364,14.666666666666666,22.143640518188477,XGBoost,19.143640518188477
2023-12-01,1043,18.0,C,Alta,True,15.718134,8.333333333333334,15.718133926391602,XGBoost,-2.2818660736083984
2023-10-01,1044,11.0,B,Alta,True,35.320858,21.666666666666668,35.320858001708984,XGBoost,24.320858001708984
2023-11-01,1044,6.0,B,Alta,True,26.083998,9.666666666666666,26.08399772644043,XGBoost,20.08399772644043
2023-12-01,1044,0.0,B,Alta,True,0.0832757,5.666666666666667,0.0832756981253624,XGBoost,0.0832756981253624
2023-10-01,1045,0.0,A,Alta,True,0.19056983,0.0,0.19056983292102814,XGBoost,0.19056983292102814
2023-11-01,1045,2.0,A,Alta,True,26.687342,0.0,26.687341690063477,XGBoost,24.687341690063477
2023-12-01,1045,64.0,A,Alta,True,62.363358,0.6666666666666666,62.36335754394531,XGBoost,-1.6366424560546875
2023-10-01,1046,0.0,B,Alta,True,0.060822967,30.666666666666668,0.06082296743988991,XGBoost,0.06082296743988991
2023-11-01,1046,0.0,B,Alta,True,0.08720655,25.0,0.08720654994249344,XGBoost,0.08720654994249344
2023-12-01,1046,0.0,B,Alta,True,0.08414747,23.666666666666668,0.08414746820926666,XGBoost,0.08414746820926666
2023-10-01,1047,0.0,A,Alta,True,0.1859525,74.33333333333333,0.18595249950885773,XGBoost,0.18595249950885773
2023-11-01,1047,0.0,A,Alta,True,0.1448445,51.0,0.14484450221061707,XGBoost,0.14484450221061707
2023-12-01,1047,43.0,A,Alta,True,89.87057,10.666666666666666,89.87056732177734,XGBoost,46.870567321777344
2023-10-01,1048,48.0,A,Alta,True,25.10682,3.3333333333333335,25.10681915283203,XGBoost,-22.89318084716797
2023-11-01,1048,0.0,A,Alta,True,0.0,17.333333333333332,0.0,XGBoost,0.0
2023-12-01,1048,0.0,A,Alta,True,0.0,17.333333333333332,0.0,XGBoost,0.0
2023-10-01,1049,68.0,A,Alta,True,35.079533,14.666666666666666,35.079532623291016,XGBoost,-32.920467376708984
2023-11-01,1049,0.0,A,Alta,True,0.02681784,37.333333333333336,0.026817839592695236,XGBoost,0.026817839592695236
2023-12-01,1049,38.0,A,Alta,True,25.227295,37.333333333333336,25.227294921875,XGBoost,-12.772705078125
2023-10-01,1050,0.0,A,Alta,True,0.0,20.0,0.0,XGBoost,0.0
2023-11-01,1050,28.0,A,Alta,True,38.30477,5.666666666666667,38.304771423339844,XGBoost,10.304771423339844
2023-12-01,1050,0.0,A,Alta,True,0.04187007,9.333333333333334,0.04187006875872612,XGBoost,0.04187006875872612
2023-10-01,1051,46.0,A,Alta,True,20.87033,0.0,20.870330810546875,XGBoost,-25.129669189453125
2023-11-01,1051,62.0,A,Alta,True,32.31618,15.333333333333334,32.31618118286133,XGBoost,-29.683818817138672
2023-12-01,1051,8.0,A,Alta,True,25.303812,36.0,25.30381202697754,XGBoost,17.30381202697754
2023-10-01,1052,87.0,A,Alta,True,31.498348,30.0,31.498348236083984,XGBoost,-55.501651763916016
2023-11-01,1052,18.0,A,Alta,True,48.780235,29.0,48.780235290527344,XGBoost,30.780235290527344
2023-12-01,1052,20.0,A,Alta,True,29.625254,35.0,29.625253677368164,XGBoost,9.625253677368164
2023-10-01,1053,78.0,A,Alta,True,34.417175,3.6666666666666665,34.41717529296875,XGBoost,-43.58282470703125
2023-11-01,1053,0.0,A,Alta,True,0.167052,26.0,0.1670520007610321,XGBoost,0.1670520007610321
2023-12-01,1053,91.0,A,Alta,True,37.549034,26.0,37.549034118652344,XGBoost,-53.450965881347656
2023-10-01,1054,64.0,A,Media,True,27.730145,27.666666666666668,27.730144500732422,XGBoost,-36.26985549926758
2023-11-01,1054,0.0,A,Media,True,0.29152292,26.666666666666668,0.29152292013168335,XGBoost,0.29152292013168335
2023-12-01,1054,0.0,A,Media,True,0.34480312,26.666666666666668,0.344803124666214,XGBoost,0.344803124666214
2023-10-01,1055,46.0,B,Alta,True,23.047758,23.666666666666668,23.047758102416992,XGBoost,-22.952241897583008
2023-11-01,1055,0.0,B,Alta,True,0.06515889,19.333333333333332,0.0651588886976242,XGBoost,0.0651588886976242
2023-12-01,1055,8.0,B,Alta,True,20.275581,19.333333333333332,20.27558135986328,XGBoost,12.275581359863281
2023-10-01,1056,0.0,A,Alta,True,0.08682417,11.666666666666666,0.08682417124509811,XGBoost,0.08682417124509811
2023-11-01,1056,0.0,A,Alta,True,0.34774855,0.0,0.3477485477924347,XGBoost,0.3477485477924347
2023-12-01,1056,29.0,A,Alta,True,46.236217,0.0,46.2362174987793,XGBoost,17.236217498779297
2023-10-01,1057,40.0,A,Alta,True,41.653008,8.333333333333334,41.65300750732422,XGBoost,1.6530075073242188
2023-11-01,1057,26.0,A,Alta,True,30.337677,21.666666666666668,30.337677001953125,XGBoost,4.337677001953125
2023-12-01,1057,31.0,A,Alta,True,47.897762,30.333333333333332,47.897762298583984,XGBoost,16.897762298583984
2023-10-01,1058,0.0,A,Alta,True,0.3930103,17.333333333333332,0.39301028847694397,XGBoost,0.39301028847694397
2023-11-01,1058,57.0,A,Alta,True,15.618841,12.666666666666666,15.618841171264648,XGBoost,-41.38115882873535
2023-12-01,1058,80.0,A,Alta,True,32.45676,31.666666666666668,32.45676040649414,XGBoost,-47.54323959350586
2023-10-01,1059,28.0,A,Alta,True,22.861818,24.0,22.861818313598633,XGBoost,-5.138181686401367
2023-11-01,1059,17.0,A,Alta,True,48.107967,28.0,48.107967376708984,XGBoost,31.107967376708984
2023-12-01,1059,0.0,A,Alta,True,0.23037373,15.0,0.23037372529506683,XGBoost,0.23037372529506683
2023-10-01,1060,80.0,A,Alta,True,30.396803,7.0,30.39680290222168,XGBoost,-49.60319709777832
2023-11-01,1060,0.0,A,Alta,True,0.053156935,33.666666666666664,0.053156934678554535,XGBoost,0.053156934678554535
2023-12-01,1060,44.0,A,Alta,True,34.054153,26.666666666666668,34.05415344238281,XGBoost,-9.945846557617188
2023-10-01,1061,37.0,A,Alta,True,37.699673,8.333333333333334,37.69967269897461,XGBoost,0.6996726989746094
2023-11-01,1061,0.0,A,Alta,True,0.22964223,20.666666666666668,0.22964222729206085,XGBoost,0.22964222729206085
2023-12-01,1061,77.0,A,Alta,True,32.14744,20.666666666666668,32.14744186401367,XGBoost,-44.85255813598633
2023-10-01,1062,4.0,A,Alta,True,27.843697,46.333333333333336,27.84369659423828,XGBoost,23.84369659423828
2023-11-01,1062,110.0,A,Alta,True,34.614758,13.666666666666666,34.6147575378418,XGBoost,-75.3852424621582
2023-12-01,1062,11.0,A,Alta,True,26.575539,50.333333333333336,26.575538635253906,XGBoost,15.575538635253906
2023-10-01,1063,31.0,A,Media,True,38.3963,29.666666666666668,38.39630126953125,XGBoost,7.39630126953125
2023-11-01,1063,0.0,A,Media,True,0.1092476,29.333333333333332,0.1092476025223732,XGBoost,0.1092476025223732
2023-12-01,1063,60.0,A,Media,True,23.969563,10.333333333333334,23.969562530517578,XGBoost,-36.03043746948242
2023-10-01,1064,0.0,B,Alta,True,0.0,1.6666666666666667,0.0,XGBoost,0.0
2023-11-01,1064,0.0,B,Alta,True,0.0,1.6666666666666667,0.0,XGBoost,0.0
2023-12-01,1064,35.0,B,Alta,True,5.5059366,0.0,5.505936622619629,XGBoost,-29.49406337738037
2023-10-01,1065,0.0,C,Alta,True,0.0,8.666666666666666,0.0,XGBoost,0.0
2023-11-01,1065,21.0,C,Alta,True,19.666536,8.666666666666666,19.666536331176758,XGBoost,-1.3334636688232422
2023-12-01,1065,27.0,C,Alta,True,21.626469,7.0,21.626468658447266,XGBoost,-5.373531341552734
2023-10-01,1066,4.0,B,Alta,True,12.691883,28.666666666666668,12.691883087158203,XGBoost,8.691883087158203
2023-11-01,1066,0.0,B,Alta,True,0.0,23.666666666666668,0.0,XGBoost,0.0
2023-12-01,1066,0.0,B,Alta,True,0.0,17.0,0.0,XGBoost,0.0
2023-10-01,1067,0.0,A,Alta,True,0.15669666,33.333333333333336,0.15669666230678558,XGBoost,0.15669666230678558
2023-11-01,1067,0.0,A,Alta,True,0.106934555,12.333333333333334,0.106934554874897,XGBoost,0.106934554874897
2023-12-01,1067,0.0,A,Alta,True,0.5190412,12.333333333333334,0.5190411806106567,XGBoost,0.5190411806106567
2023-10-01,1068,0.0,C,Alta,True,0.0,11.666666666666666,0.0,XGBoost,0.0
2023-11-01,1068,42.0,C,Alta,True,13.891931,11.666666666666666,13.89193058013916,XGBoost,-28.10806941986084
2023-12-01,1068,0.0,C,Alta,True,0.0,18.666666666666668,0.0,XGBoost,0.0
2023-10-01,1069,46.0,A,Alta,True,25.028572,1.3333333333333333,25.02857208251953,XGBoost,-20.97142791748047
2023-11-01,1069,23.0,A,Alta,True,33.700848,16.666666666666668,33.70084762573242,XGBoost,10.700847625732422
2023-12-01,1069,47.0,A,Alta,True,30.582483,23.0,30.582483291625977,XGBoost,-16.417516708374023
2023-10-01,1070,0.0,C,Alta,True,0.40731895,0.0,0.40731894969940186,XGBoost,0.40731894969940186
2023-11-01,1070,49.0,C,Alta,True,21.55258,0.0,21.552579879760742,XGBoost,-27.447420120239258
2023-12-01,1070,41.0,C,Alta,True,20.379179,16.333333333333332,20.379179000854492,XGBoost,-20.620820999145508
2023-10-01,1071,22.0,B,Alta,True,18.692083,0.0,18.69208335876465,XGBoost,-3.3079166412353516
2023-11-01,1071,59.0,B,Alta,True,23.392952,7.333333333333333,23.39295196533203,XGBoost,-35.60704803466797
2023-12-01,1071,40.0,B,Alta,True,21.202284,27.0,21.20228385925293,XGBoost,-18.79771614074707
2023-10-01,1072,0.0,A,Alta,True,0.11948189,21.0,0.1194818913936615,XGBoost,0.1194818913936615
2023-11-01,1072,64.0,A,Alta,True,15.121103,21.0,15.121103286743164,XGBoost,-48.878896713256836
2023-12-01,1072,23.0,A,Alta,True,43.09945,21.333333333333332,43.099449157714844,XGBoost,20.099449157714844
2023-10-01,1073,90.0,A,Alta,True,16.019936,0.0,16.019935607910156,XGBoost,-73.98006439208984
2023-11-01,1073,48.0,A,Alta,True,38.37599,30.0,38.37599182128906,XGBoost,-9.624008178710938
2023-12-01,1073,111.0,A,Alta,True,24.506414,46.0,24.50641441345215,XGBoost,-86.49358558654785
2023-10-01,1074,0.0,A,Media,True,0.0,20.0,0.0,XGBoost,0.0
2023-11-01,1074,42.0,A,Media,True,12.603038,20.0,12.60303783416748,XGBoost,-29.39696216583252
2023-12-01,1074,19.0,A,Media,True,18.922436,23.666666666666668,18.922435760498047,XGBoost,-0.07756423950195312
2023-10-01,1075,18.0,A,Alta,True,43.32361,33.666666666666664,43.3236083984375,XGBoost,25.3236083984375
2023-11-01,1075,37.0,A,Alta,True,38.594887,39.666666666666664,38.594886779785156,XGBoost,1.5948867797851562
2023-12-01,1075,0.0,A,Alta,True,0.6991174,18.333333333333332,0.6991174221038818,XGBoost,0.6991174221038818
2023-10-01,1076,23.0,B,Alta,True,26.29208,8.666666666666666,26.29207992553711,XGBoost,3.2920799255371094
2023-11-01,1076,0.0,B,Alta,True,0.0,16.333333333333332,0.0,XGBoost,0.0
2023-12-01,1076,62.0,B,Alta,True,29.511923,16.333333333333332,29.51192283630371,XGBoost,-32.48807716369629
2023-10-01,1077,28.0,B,Alta,True,22.54909,22.666666666666668,22.549089431762695,XGBoost,-5.450910568237305
2023-11-01,1077,0.0,B,Alta,True,0.0,32.0,0.0,XGBoost,0.0
2023-12-01,1077,24.0,B,Alta,True,14.658774,9.333333333333334,14.658774375915527,XGBoost,-9.341225624084473
2023-10-01,1078,0.0,B,Alta,True,0.0,1.0,0.0,XGBoost,0.0
2023-11-01,1078,8.0,B,Alta,True,35.2254,0.0,35.225399017333984,XGBoost,27.225399017333984
2023-12-01,1078,0.0,B,Alta,True,0.039069433,2.6666666666666665,0.03906943276524544,XGBoost,0.03906943276524544
2023-10-01,1079,50.0,B,Alta,True,33.59762,17.666666666666668,33.597618103027344,XGBoost,-16.402381896972656
2023-11-01,1079,0.0,B,Alta,True,0.09118468,34.333333333333336,0.09118468314409256,XGBoost,0.09118468314409256
2023-12-01,1079,0.0,B,Alta,True,0.068494946,16.666666666666668,0.06849494576454163,XGBoost,0.06849494576454163
2023-10-01,1080,0.0,B,Alta,True,0.0,14.333333333333334,0.0,XGBoost,0.0
2023-11-01,1080,32.0,B,Alta,True,17.639109,9.666666666666666,17.639108657836914,XGBoost,-14.360891342163086
2023-12-01,1080,0.0,B,Alta,True,0.0,10.666666666666666,0.0,XGBoost,0.0
2023-10-01,1081,23.0,B,Alta,True,21.770777,13.0,21.770776748657227,XGBoost,-1.2292232513427734
2023-11-01,1081,0.0,B,Alta,True,0.0,15.333333333333334,0.0,XGBoost,0.0
2023-12-01,1081,0.0,B,Alta,True,0.0,15.333333333333334,0.0,XGBoost,0.0
2023-10-01,1082,0.0,A,Alta,True,0.026768696,45.666666666666664,0.026768695563077927,XGBoost,0.026768695563077927
2023-11-01,1082,41.0,A,Alta,True,25.686499,14.333333333333334,25.686498641967773,XGBoost,-15.313501358032227
2023-12-01,1082,0.0,A,Alta,True,0.15569872,13.666666666666666,0.1556987166404724,XGBoost,0.1556987166404724
2023-10-01,1083,0.0,C,Alta,True,0.0,14.0,0.0,XGBoost,0.0
2023-11-01,1083,0.0,C,Alta,True,0.07282012,14.0,0.07282011955976486,XGBoost,0.07282011955976486
2023-12-01,1083,0.0,C,Alta,True,1.3156393,0.0,1.3156392574310303,XGBoost,1.3156392574310303
2023-10-01,1084,0.0,A,Alta,True,0.0,29.0,0.0,XGBoost,0.0
2023-11-01,1084,15.0,A,Alta,True,44.522644,29.0,44.52264404296875,XGBoost,29.52264404296875
2023-12-01,1084,0.0,A,Alta,True,0.001679453,27.0,0.001679452951066196,XGBoost,0.001679452951066196
2023-10-01,1085,0.0,A,Media,True,0.16861667,13.333333333333334,0.1686166673898697,XGBoost,0.1686166673898697
2023-11-01,1085,32.0,A,Media,True,28.578373,13.333333333333334,28.578372955322266,XGBoost,-3.4216270446777344
2023-12-01,1085,42.0,A,Media,True,42.509922,24.0,42.50992202758789,XGBoost,0.5099220275878906
2023-10-01,1086,32.0,A,Media,True,26.181147,36.666666666666664,26.1811466217041,XGBoost,-5.818853378295898
2023-11-01,1086,17.0,A,Media,True,27.947138,32.333333333333336,27.9471378326416,XGBoost,10.947137832641602
2023-12-01,1086,79.0,A,Media,True,27.929049,22.0,27.929048538208008,XGBoost,-51.07095146179199
2023-10-01,1087,55.0,A,Alta,True,27.539219,6.666666666666667,27.53921890258789,XGBoost,-27.46078109741211
2023-11-01,1087,30.0,A,Alta,True,29.111122,25.0,29.111122131347656,XGBoost,-0.8888778686523438
2023-12-01,1087,0.0,A,Alta,True,0.013867807,35.0,0.013867806643247604,XGBoost,0.013867806643247604
2023-10-01,1088,56.0,C,Alta,True,23.311436,4.333333333333333,23.31143569946289,XGBoost,-32.68856430053711
2023-11-01,1088,21.0,C,Alta,True,19.917393,22.666666666666668,19.91739273071289,XGBoost,-1.0826072692871094
2023-12-01,1088,20.0,C,Alta,True,11.962414,29.666666666666668,11.962413787841797,XGBoost,-8.037586212158203
2023-10-01,1089,106.0,A,Alta,True,37.27518,41.0,37.27518081665039,XGBoost,-68.72481918334961
2023-11-01,1089,55.0,A,Alta,True,37.442596,66.0,37.442596435546875,XGBoost,-17.557403564453125
2023-12-01,1089,32.0,A,Alta,True,15.068935,83.0,15.06893539428711,XGBoost,-16.93106460571289
2023-10-01,1090,48.0,A,Media,True,31.733608,48.0,31.73360824584961,XGBoost,-16.26639175415039
2023-11-01,1090,49.0,A,Media,True,47.472332,45.666666666666664,47.47233200073242,XGBoost,-1.5276679992675781
2023-12-01,1090,46.0,A,Media,True,25.716629,51.666666666666664,25.716629028320312,XGBoost,-20.283370971679688
2023-10-01,1091,54.0,B,Alta,True,21.013212,14.666666666666666,21.013212203979492,XGBoost,-32.98678779602051
2023-11-01,1091,0.0,B,Alta,True,0.025213778,32.666666666666664,0.025213778018951416,XGBoost,0.025213778018951416
2023-12-01,1091,0.0,B,Alta,True,0.011936468,32.666666666666664,0.011936468072235584,XGBoost,0.011936468072235584
2023-10-01,1092,0.0,A,Media,True,0.2790234,41.0,0.2790234088897705,XGBoost,0.2790234088897705
2023-11-01,1092,75.0,A,Media,True,48.976025,25.333333333333332,48.97602462768555,XGBoost,-26.023975372314453
2023-12-01,1092,21.0,A,Media,True,31.09591,25.0,31.095909118652344,XGBoost,10.095909118652344
2023-10-01,1093,65.0,A,Alta,True,41.165504,21.666666666666668,41.165504455566406,XGBoost,-23.834495544433594
2023-11-01,1093,68.0,A,Alta,True,40.215805,43.333333333333336,40.21580505371094,XGBoost,-27.784194946289062
2023-12-01,1093,0.0,A,Alta,True,0.15770905,64.0,0.1577090471982956,XGBoost,0.1577090471982956
2023-10-01,1094,0.0,A,Alta,True,1.7558339,0.0,1.7558338642120361,XGBoost,1.7558338642120361
2023-11-01,1094,0.0,A,Alta,True,1.7558339,0.0,1.7558338642120361,XGBoost,1.7558338642120361
2023-12-01,1094,27.0,A,Alta,True,44.551155,0.0,44.55115509033203,XGBoost,17.55115509033203
2023-10-01,1095,21.0,B,Alta,True,34.88905,6.666666666666667,34.8890495300293,XGBoost,13.889049530029297
2023-11-01,1095,76.0,B,Alta,True,53.590443,13.666666666666666,53.5904426574707,XGBoost,-22.409557342529297
2023-12-01,1095,4.0,B,Alta,True,19.602577,32.333333333333336,19.602577209472656,XGBoost,15.602577209472656
2023-10-01,1096,10.0,A,Baja,True,39.527542,30.333333333333332,39.52754211425781,XGBoost,29.527542114257812
2023-11-01,1096,17.0,A,Baja,True,41.54313,21.0,41.543128967285156,XGBoost,24.543128967285156
2023-12-01,1096,20.0,A,Baja,True,53.221436,16.666666666666668,53.221435546875,XGBoost,33.221435546875
2023-10-01,1097,76.0,A,Alta,True,25.898087,18.0,25.898086547851562,XGBoost,-50.10191345214844
2023-11-01,1097,0.0,A,Alta,True,0.0,43.333333333333336,0.0,XGBoost,0.0
2023-12-01,1097,0.0,A,Alta,True,0.0,43.333333333333336,0.0,XGBoost,0.0
2023-10-01,1098,21.0,C,Alta,True,16.902534,6.333333333333333,16.90253448486328,XGBoost,-4.097465515136719
2023-11-01,1098,31.0,C,Alta,True,17.059244,7.0,17.05924415588379,XGBoost,-13.940755844116211
2023-12-01,1098,28.0,C,Alta,True,15.494263,17.333333333333332,15.4942626953125,XGBoost,-12.5057373046875
2023-10-01,1099,119.0,A,Media,True,38.471355,20.333333333333332,38.47135543823242,XGBoost,-80.52864456176758
2023-11-01,1099,0.0,A,Media,True,0.0,60.0,0.0,XGBoost,0.0
2023-12-01,1099,76.0,A,Media,True,23.481045,39.666666666666664,23.48104476928711,XGBoost,-52.51895523071289
2023-10-01,1100,0.0,A,Alta,True,0.006081555,26.333333333333332,0.006081555038690567,XGBoost,0.006081555038690567
2023-11-01,1100,15.0,A,Alta,True,15.725853,26.333333333333332,15.725852966308594,XGBoost,0.7258529663085938
2023-12-01,1100,73.0,A,Alta,True,11.982353,17.0,11.982353210449219,XGBoost,-61.01764678955078
