producto_id,demanda_total,media,desviacion,cv,variabilidad,demanda_acumulada_pct,categoria_abc,usar_ml
1090,590.0,49.166666666666664,29.353126930636545,0.5970127511315908,Media,0.023340454149853626,A,True
1092,548.0,45.666666666666664,35.42555147022692,0.7757420029976698,Media,0.04501938444497191,A,True
1062,506.0,42.166666666666664,43.717758682741554,1.0367847908950567,Alta,0.06503679088535486,A,True
1099,502.0,41.833333333333336,36.74193376742298,0.8782932374682783,Media,0.08489595695862015,A,True
1058,452.0,37.666666666666664,51.051370444312504,1.3553461179905975,Alta,0.10277711844291479,A,True
1008,407.0,33.916666666666664,28.779596097151042,0.8485384598668613,Media,0.11887807579713584,A,True
1033,404.0,33.666666666666664,27.234114079532123,0.8089340815702611,Media,0.13486035287601866,A,True
1024,398.0,33.166666666666664,31.659648345067467,0.9545622616603257,Media,0.15060526940422503,A,True
1061,391.0,32.583333333333336,36.800341730956134,1.1294222526124644,Alta,0.16607326528997549,A,True
1089,390.0,32.5,35.41571299963799,1.0897142461427074,Alta,0.1815017010839465,A,True
1001,374.0,31.166666666666668,28.96654287381575,0.9294077927427513,Media,0.19629717540944694,A,True
1063,373.0,31.083333333333332,28.00148805569685,0.9008521626497646,Media,0.21105308964316796,A,True
1019,359.0,29.916666666666668,29.77936544086536,0.9954105439843574,Media,0.22525516259197723,A,True
1086,357.0,29.75,22.744130111865225,0.764508575188747,Media,0.23937811535722764,A,True
1075,355.0,29.583333333333332,34.45803332469891,1.164778591257428,Alta,0.2534219479389192,A,True
1047,354.0,29.5,36.622149284030534,1.2414287892891707,Alta,0.2674262204288314,A,True
1054,348.0,29.0,28.683222844151818,0.9890766497983385,Media,0.2811931323680671,A,True
1096,341.0,28.416666666666668,11.341463215951805,0.39911307504815735,Baja,0.2946831236648469,A,True
1069,336.0,28.0,28.345273776320198,1.01233120629715,Alta,0.30797531450272964,A,True
1067,333.0,27.75,29.412814152400248,1.059921230717126,Alta,0.32114882506527415,A,True
1017,316.0,26.333333333333332,24.3098683042442,0.9231595558573747,Media,0.33364981406756866,A,True
1036,314.0,26.166666666666668,18.448125469362285,0.7050239032877306,Media,0.3460716828863043,A,True
1053,309.0,25.75,31.954868742707056,1.240965776415808,Alta,0.3582957512461429,A,True
1023,309.0,25.75,26.306324853022083,1.0216048486610518,Alta,0.37051981960598146,A,True
1002,308.0,25.666666666666668,26.776289828310738,1.0432320712328857,Alta,0.3827043278740407,A,True
1093,304.0,25.333333333333332,28.60175879313379,1.1290167944658076,Alta,0.3947305957749822,A,True
1025,296.0,24.666666666666668,27.743413086658418,1.1247329629726386,Alta,0.40644038294168844,A,True
1013,294.0,24.5,27.730849247724095,1.1318713978662895,Alta,0.41807104992483585,A,True
1030,293.0,24.416666666666668,25.74510839092751,1.0544071695943007,Alta,0.4296621568162038,A,True
1060,280.0,23.333333333333332,25.295825503011123,1.0841068072719053,Alta,0.44073898251443944,A,True
1048,280.0,23.333333333333332,36.95779738943851,1.5839056024045077,Alta,0.45181580821267503,A,True
1039,279.0,23.25,21.037304528341597,0.9048303022942622,Media,0.46285307381913127,A,True
1073,278.0,23.166666666666668,39.45730335284949,1.703192950482712,Alta,0.47385077933380804,A,True
1052,277.0,23.083333333333332,32.37973084658008,1.4027320222345163,Alta,0.48480892475670545,A,True
1085,270.0,22.5,21.572288621368767,0.9587683831719451,Media,0.49549014953714693,A,True
1028,269.0,22.416666666666668,46.584153242635345,2.0781034903777846,Alta,0.506131814225809,A,True
1050,265.0,22.083333333333332,26.455651856484565,1.1979917821804331,Alta,0.5166152385473535,A,True
1012,263.0,21.916666666666668,19.658254492629037,0.8969545776104503,Media,0.527019542685339,A,True
1051,261.0,21.75,27.069355367278327,1.2445680628633713,Alta,0.5373447266397658,A,True
1087,260.0,21.666666666666668,27.690934956911057,1.2780431518574333,Alta,0.5476303505024132,A,True
1003,255.0,21.25,22.700120143855067,1.0682409479461208,Alta,0.5577181739061635,A,True
1056,253.0,21.083333333333332,29.112503822032874,1.3808302208078835,Alta,0.567726877126355,A,True
1057,247.0,20.583333333333332,25.24591176024468,1.2265220288377983,Alta,0.5774982197958699,A,True
1084,247.0,20.583333333333332,22.572945726862475,1.0966613308597155,Alta,0.5872695624653849,A,True
1016,245.0,20.416666666666668,24.1075557123538,1.180778238972431,Alta,0.5969617849513411,A,True
1014,245.0,20.416666666666668,21.10776820954501,1.0338498714879187,Alta,0.6066540074372972,A,True
1049,240.0,20.0,23.77546481717502,1.188773240858751,Alta,0.6161484294643563,A,True
1100,239.0,19.916666666666668,24.548498688897208,1.2325606036266379,Alta,0.625603291399636,A,True
1009,238.0,19.833333333333332,32.49288966509256,1.6382969579038267,Alta,0.6350185932431364,A,True
1094,238.0,19.833333333333332,34.36391694610479,1.7326344678708296,Alta,0.6444338950866366,A,True
1021,237.0,19.75,22.369317460225815,1.1326236688721931,Alta,0.6538096368383575,A,True
1027,236.0,19.666666666666668,25.56038601690775,1.2996806449275127,Alta,0.6631458184982989,A,True
1035,234.0,19.5,27.050457902358563,1.3872029693517212,Alta,0.6724028799746815,A,True
1074,231.0,19.25,17.57128339080558,0.9127939423795106,Media,0.6815412611757259,A,True
1032,231.0,19.25,21.975709731014792,1.141595310702067,Alta,0.6906796423767703,A,True
1004,230.0,19.166666666666668,28.52059330421165,1.488030955002347,Alta,0.6997784634860353,A,True
1059,227.0,18.916666666666668,21.968813984345807,1.1613469947671793,Alta,0.7087586043199621,A,True
1015,224.0,18.666666666666668,27.01626894815026,1.4473001222223352,Alta,0.7176200648785506,A,True
1045,221.0,18.416666666666668,30.72889766189395,1.6685374296051012,Alta,0.7263628451618008,A,True
1005,221.0,18.416666666666668,23.325593954567015,1.266548088030788,Alta,0.735105625445051,A,True
1042,216.0,18.0,26.645825188948454,1.4803236216082474,Alta,0.7436506052694042,A,True
1097,215.0,17.916666666666668,26.922306848793735,1.5026403822582548,Alta,0.752156025001978,A,True
1029,215.0,17.916666666666668,17.660733709320095,0.9857153698225168,Media,0.7606614447345518,A,True
1034,213.0,17.75,24.82346763557713,1.3985052189057539,Alta,0.7690877442835667,A,True
1082,212.0,17.666666666666668,29.616743831007405,1.6764194621324946,Alta,0.7774744837408023,A,True
1072,211.0,17.583333333333332,24.83567204769394,1.4124552823333048,Alta,0.7858216631062585,A,True
1006,210.0,17.5,30.506333172578508,1.7432190384330575,Alta,0.7941292823799351,A,True
1080,210.0,17.5,26.9224475450911,1.5384255740052057,Alta,0.8024369016536118,B,True
1081,210.0,17.5,21.79449471770337,1.2453996981544782,Alta,0.8107445209272885,B,True
1038,208.0,17.333333333333332,21.46173479954639,1.238177007666138,Alta,0.8189730200174065,B,True
1078,207.0,17.25,20.29386382852977,1.1764558741176678,Alta,0.827161959015745,B,True
1026,207.0,17.25,19.036448293638276,1.1035622199210595,Alta,0.8353508980140834,B,True
1020,201.0,16.75,24.44706712284913,1.4595263953939779,Alta,0.8433024764617454,B,True
1095,199.0,16.583333333333332,25.539482209221696,1.5400692789480421,Alta,0.8511749347258486,B,True
1076,199.0,16.583333333333332,18.700794019765496,1.127686071543648,Alta,0.8590473929899517,B,True
1010,187.0,15.583333333333334,26.97965001907021,1.7313144397264304,Alta,0.866445130152702,B,True
1079,186.0,15.5,29.100140580728848,1.8774284245631514,Alta,0.8738033072236727,B,True
1046,184.0,15.333333333333334,24.81690528407577,1.6184938228745067,Alta,0.8810823641110848,B,True
1044,180.0,15.0,15.736466046618078,1.0490977364412053,Alta,0.888203180631379,B,True
1055,176.0,14.666666666666666,21.201772367308156,1.4455753886801015,Alta,0.8951657567845558,B,True
1040,168.0,14.0,22.262892077094648,1.590206576935332,Alta,0.9018118522034971,B,True
1077,167.0,13.916666666666666,21.38163329645896,1.5364047877695062,Alta,0.9084183875306591,B,True
1037,164.0,13.666666666666666,30.923169699149927,2.262670953596336,Alta,0.9149062425824828,B,True
1071,162.0,13.5,20.53599943336756,1.521185143212412,Alta,0.9213149774507476,B,True
1091,158.0,13.166666666666666,20.54632607430134,1.5604804613393424,Alta,0.927565471951895,B,True
1066,158.0,13.166666666666666,17.652366997263016,1.3406861010579507,Alta,0.9338159664530422,B,True
1064,156.0,13.0,20.306738693439584,1.5620568225722757,Alta,0.9399873407706306,B,True
1041,151.0,12.583333333333334,18.812270334851004,1.4950148610477618,Alta,0.945960914629322,B,True
1088,150.0,12.5,17.080025548203164,1.3664020438562532,Alta,0.9518949283962339,C,True
1007,143.0,11.916666666666666,21.584751913133378,1.8113078528503535,Alta,0.95755202152069,C,True
1018,136.0,11.333333333333334,17.562011343358208,1.5495892361786654,Alta,0.96293219400269,C,True
1070,131.0,10.916666666666666,17.10108095112615,1.5665112321642276,Alta,0.9681145660257932,C,True
1068,130.0,10.833333333333334,14.886438815447455,1.3741328137336113,Alta,0.9732573779571169,C,True
1022,127.0,10.583333333333334,14.50052245662726,1.3701281061380088,Alta,0.9782815096131023,C,True
1083,125.0,10.416666666666666,16.12146132183789,1.5476602868964378,Alta,0.9832265210855289,C,True
1098,115.0,9.583333333333334,12.026170956658977,1.2549047954774584,Alta,0.9877759316401614,C,True
1065,105.0,8.75,11.362818152361516,1.2986077888413161,Alta,0.9919297412769997,C,True
1011,75.0,6.25,12.181394158156268,1.949023065305003,Alta,0.9948967481604557,C,True
1043,65.0,5.416666666666667,9.28790350483636,1.7146898778159432,Alta,0.9974681541261176,C,True
1031,64.0,5.333333333333333,10.730867399773196,2.012037637457474,Alta,1.0,C,True
